Texto,Fecha,Nombre Usuario,Fuente,Concepto asociado,G√©nero,Grupo √âtareo,Escolaridad
"Son movidas, gana massa baja el d√≥lar para que su campa√±a sea excelente",10-10-2023,franquiito.02,https://www.threads.net/@liberalesargentinaok/post/CyMS-ONuuaU,N/E,N/E,N/E,N/E
100% dee acuerdo,09-10-2023,fernando_taboas,https://www.threads.net/@liberalesargentinaok/post/CyMS-ONuuaU,N/E,N/E,N/E,N/E
"Es totalmente l√≥gico lo que dicen...pero a cu√°nto estar√≠a si estuviesen los liberales o jxc??? A menos, seguro??? O lo hubiesen liberado y hoy estr√≠a a 3000?",10-10-2023,claudiogabrielvillafanie,https://www.threads.net/@liberalesargentinaok/post/CyMS-ONuuaU,N/E,N/E,N/E,N/E
"Lo mal que est√° Argentina en lo econ√≥mico y social, es la herencia dejada por el gobierno corrupto de Mauricio Macri, dif√≠cil fue para el gobierno de Alberto Fern√°ndez, revertir en tan poco tiempo el desastre planificado por la derecha pol√≠tica y Empresarial Argentina.
Es de esperar que el Gobierno del Presidente Massa, pueda tomar las medidas econ√≥micas necesarias,  para corregir esta pesada situaci√≥n que afecta al pueblo Argentino.",10-10-2023,jg.cuevasc020653,https://www.threads.net/@liberalesargentinaok/post/CyMS-ONuuaU,N/E,N/E,N/E,N/E
ah pero macri,10-10-2023,_scared_5,https://www.threads.net/@liberalesargentinaok/post/CyMS-ONuuaU,N/E,N/E,N/E,N/E
"1050, antes de que gane Alberto yo me agarraba de los pelos, era obvio lo que iba a pasar pero los K tiraron de la soga y ya se est√° por romperrr",10-10-2023,martin_zingoni,https://www.threads.net/@liberalesargentinaok/post/CyMS-ONuuaU,N/E,N/E,N/E,N/E
Verg√ºenza es votar a milei....,10-10-2023,hora.vizueta,https://www.threads.net/@liberalesargentinaok/post/CyMS-ONuuaU,N/E,N/E,N/E,N/E
#MassaPresidente,09-10-2023,drgustavovaldez,https://www.threads.net/@liberalesargentinaok/post/CyMS-ONuuaU,N/E,N/E,N/E,N/E
Un desastre,10-10-2023,silvina.harris,https://www.threads.net/@liberalesargentinaok/post/CyMS-ONuuaU,N/E,N/E,N/E,N/E
Jajaja Jajaja,10-10-2023,daro.gonzalez,https://www.threads.net/@liberalesargentinaok/post/CyMS-ONuuaU,N/E,N/E,N/E,N/E
Ustedes dan verg√ºenza,10-10-2023,zarpadomal1959,https://www.threads.net/@liberalesargentinaok/post/CyMS-ONuuaU,N/E,N/E,N/E,N/E
"Si quieren terminar con el Kirchnerismo, Juntos por el Cambio debe apoyar a Javier Milei y el 19 de Noviembre terminan arrasando. Es simple. No jodan.",23-10-2023,lanatappt,https://www.threads.net/@lanatappt/post/CyvjalRg-vx,N/E,N/E,N/E,N/E
La anti √©tica dixit...ü§¶‚Äç‚ôÄÔ∏è,26-10-2023,veronicacepedaph,https://www.threads.net/@lanatappt/post/CyvjalRg-vx,N/E,N/E,N/E,N/E
"Te acord√°s cu√°ndo estabas al frente de revista veintitr√©s? Te cab√≠a Ch√°vez, fidel y le dabas chirlos a Macri mientras fumabas en la ducha?",24-10-2023,leover.ok,https://www.threads.net/@lanatappt/post/CyvjalRg-vx,N/E,N/E,N/E,N/E
No hay otra posibilidad sino Ezeiza,25-10-2023,mariasusana_sartori,https://www.threads.net/@lanatappt/post/CyvjalRg-vx,N/E,N/E,N/E,N/E
"Que Antipatria y Facho que sos Lanata, rem√≠tete a decir tu opini√≥n ,No a decirle a la gente lo que tiene que hacer.",24-10-2023,kristellrosario,https://www.threads.net/@lanatappt/post/CyvjalRg-vx,N/E,N/E,N/E,N/E
Mediquese,24-10-2023,_g_a_b_r_i_e_a,https://www.threads.net/@lanatappt/post/CyvjalRg-vx,N/E,N/E,N/E,N/E
Coherencia y dignidad nunca no?,25-10-2023,ivanburaok,https://www.threads.net/@lanatappt/post/CyvjalRg-vx,N/E,N/E,N/E,N/E
NOAMILEI,24-10-2023,florviterbo,https://www.threads.net/@lanatappt/post/CyvjalRg-vx,N/E,N/E,N/E,N/E
